Date,Title,Link,Id
08 Nov 2019,Index Review Results for Benchmark and Thematic Indexes,https://www.hsi.com.hk/static/uploads/contents/en/news/indexChgNotice/20191108T173000.xls,190b3db807
31 Oct 2019,"Hang Seng Stock Connect China AH Smart Index, Hang Seng China Enterprises Smart Index and Hang Seng Stock Connect Sector Top Index Monthly Share Class Switches Result",https://www.hsi.com.hk/static/uploads/contents/en/news/indexChgNotice/20191031T163101.pdf,ed500bc117
31 Oct 2019,Hang Seng CSI Shanghai-Hong Kong AH Smart Index Monthly Share Class Switches Result,https://www.hsi.com.hk/static/uploads/contents/en/news/indexChgNotice/20191031T163001.pdf,c49b478ee3
21 Oct 2019,Constituent Changes in Hang Seng Family of Indexes,https://www.hsi.com.hk/static/uploads/contents/en/news/indexChgNotice/20191021T163001.pdf,587f79dea1
10 Oct 2019,"Hang Seng Stock Connect China AH Smart Index, Hang Seng China Enterprises Smart Index and Hang Seng Stock Connect Sector Top Index Monthly Share Class Switches Result",https://www.hsi.com.hk/static/uploads/contents/en/news/indexChgNotice/20191010T163101.pdf,14486b83cd
02 Oct 2019,Hang Seng Indexes Announces Next Index Review Date,https://www.hsi.com.hk/static/uploads/contents/en/news/indexChgNotice/20191002T000000.pdf,68ba8f8826
10 Oct 2019,Hang Seng CSI Shanghai-Hong Kong AH Smart Index Monthly Share Class Switches Result,https://www.hsi.com.hk/static/uploads/contents/en/news/indexChgNotice/20191010T163001.pdf,e662ef3294
30 Sep 2019,Constituent Changes in Hang Seng Family of Indexes,https://www.hsi.com.hk/static/uploads/contents/en/news/indexChgNotice/20190930T000000.pdf,c3092cc46b
05 Sep 2019,"Hang Seng Stock Connect China AH Smart Index, Hang Seng China Enterprises Smart Index and Hang Seng Stock Connect Sector Top Index Monthly Share Class Switches Result",https://www.hsi.com.hk/static/uploads/contents/en/news/indexChgNotice/20190905T163101.pdf,ae5278867d
05 Sep 2019,Hang Seng CSI Shanghai-Hong Kong AH Smart Index Monthly Share Class Switches Result,https://www.hsi.com.hk/static/uploads/contents/en/news/indexChgNotice/20190905T163001.pdf,b90b46dfcd
16 Aug 2019,Index Review Results for Benchmark and Thematic Indexes,https://www.hsi.com.hk/static/uploads/contents/en/news/indexChgNotice/20190816T173000.xls,3518df23e3
01 Aug 2019,"Hang Seng Stock Connect China AH Smart Index, Hang Seng China Enterprises Smart Index and Hang Seng Stock Connect Sector Top Index Monthly Share Class Switches Result",https://www.hsi.com.hk/static/uploads/contents/en/news/indexChgNotice/20190801T163101.pdf,eac075c8b4
01 Aug 2019,Hang Seng CSI Shanghai-Hong Kong AH Smart Index Monthly Share Class Switches Result,https://www.hsi.com.hk/static/uploads/contents/en/news/indexChgNotice/20190801T163001.pdf,13b5830d48
26 Jul 2019,Hang Seng CSI Shanghai-Hong Kong AH Smart Index Half-Yearly Index Review Results,https://www.hsi.com.hk/static/uploads/contents/en/news/indexChgNotice/20190726T000000.pdf,0c3068e9cc
17 Jul 2019,Constituent Changes in Hang Seng Family of Indexes,https://www.hsi.com.hk/static/uploads/contents/en/news/indexChgNotice/20190717T000000.pdf,4f195229c0
16 Jul 2019,Hang Seng Indexes Announces Next Index Review Date,https://www.hsi.com.hk/static/uploads/contents/en/news/indexChgNotice/20190716T000000.pdf,55b54540dd
04 Jul 2019,"Hang Seng Stock Connect China AH Smart Index, Hang Seng China Enterprises Smart Index and Hang Seng Stock Connect Sector Top Index Monthly Share Class Switches Result",https://www.hsi.com.hk/static/uploads/contents/en/news/indexChgNotice/20190704T163101.pdf,2d0c6b0f81
04 Jul 2019,Hang Seng CSI Shanghai-Hong Kong AH Smart Index Monthly Share Class Switches Result,https://www.hsi.com.hk/static/uploads/contents/en/news/indexChgNotice/20190704T163001.pdf,0d21cbd875
02 Jul 2019,Constituent Changes in Hang Seng Family of Indexes,https://www.hsi.com.hk/static/uploads/contents/en/news/indexChgNotice/20190702T162601.pdf,1479de3d7b
28 Jun 2019,Implementation of Changes to the Hang Seng Industry Classification System,https://www.hsi.com.hk/static/uploads/contents/en/news/indexChgNotice/20190628T000000.pdf,34f72eaf4b
28 Jun 2019,Constituent Changes in Hang Seng Family of Indexes,https://www.hsi.com.hk/static/uploads/contents/en/news/indexChgNotice/20190628T163501.pdf,13c50a3461
13 Jun 2019,"Hang Seng Stock Connect China AH Smart Index, Hang Seng China Enterprises Smart Index and Hang Seng Stock Connect Sector Top Index Monthly Share Class Switches Result",https://www.hsi.com.hk/static/uploads/contents/en/news/indexChgNotice/20190613T163100.pdf,eb3e9fdca5
13 Jun 2019,Hang Seng CSI Shanghai-Hong Kong AH Smart Index Monthly Share Class Switches Result,https://www.hsi.com.hk/static/uploads/contents/en/news/indexChgNotice/20190613T163000.pdf,da96dbea63
06 Jun 2019,Exclusion of Investment Companies Listed under Chapter 21 of HKEx’s Listing Rules from the Hang Seng Family of Indexes,https://www.hsi.com.hk/static/uploads/contents/en/news/indexChgNotice/20190606T000000.pdf,67d4e82a96
03 Jun 2019,Including Shenzhen’s ChiNext A-shares to Index Universe,https://www.hsi.com.hk/static/uploads/contents/en/news/indexChgNotice/20190603T000000.pdf,1b8a3c6b47
21 May 2019,Constituent Changes in Hang Seng Family of Indexes,https://www.hsi.com.hk/static/uploads/contents/en/news/indexChgNotice/20190521T163300.pdf,3acb3dbdb7
21 May 2019,Termination of Hang Seng iBond Index Series,https://www.hsi.com.hk/static/uploads/contents/en/news/indexChgNotice/20190521T000000.pdf,402b5f0ea1
10 May 2019,Index Review Results for Thematic Indexes,https://www.hsi.com.hk/static/uploads/contents/en/news/indexChgNotice/20190510T000000.xls,f3b75b7656
09 May 2019,"Hang Seng Stock Connect China AH Smart Index, Hang Seng China Enterprises Smart Index and Hang Seng Stock Connect Sector Top Index Monthly Share Class Switches Result",https://www.hsi.com.hk/static/uploads/contents/en/news/indexChgNotice/20190509T163100.pdf,40099ea1c6
09 May 2019,Hang Seng CSI Shanghai-Hong Kong AH Smart Index Monthly Share Class Switches Result,https://www.hsi.com.hk/static/uploads/contents/en/news/indexChgNotice/20190509T163000.pdf,9b142cdd54
07 May 2019,Constituent Changes in Hang Seng Family of Indexes,https://www.hsi.com.hk/static/uploads/contents/en/news/indexChgNotice/20190507T000000.pdf,e008456130
25 Apr 2019,Constituent Changes in Hang Seng Family of Indexes,https://www.hsi.com.hk/static/uploads/contents/en/news/indexChgNotice/20190425T000000.pdf,bd19d36714
11 Apr 2019,"Hang Seng Stock Connect China AH Smart Index, Hang Seng China Enterprises Smart Index and Hang Seng Stock Connect Sector Top Index Monthly Share Class Switches Result",https://www.hsi.com.hk/static/uploads/contents/en/news/indexChgNotice/20190411T163100.pdf,26af36764a
11 Apr 2019,Hang Seng CSI Shanghai-Hong Kong AH Smart Index Monthly Share Class Switches Result,https://www.hsi.com.hk/static/uploads/contents/en/news/indexChgNotice/20190411T163000.pdf,81819b4cbe
10 Apr 2019,Constituent Changes in Hang Seng Family of Indexes,https://www.hsi.com.hk/static/uploads/contents/en/news/indexChgNotice/20190410T000000.pdf,e3b8f7e10f
08 Apr 2019,Hang Seng Indexes Announces Next Index Review Date,https://www.hsi.com.hk/static/uploads/contents/en/news/indexChgNotice/20190408T000000.pdf,f93d24171e
28 Mar 2019,Changes to Hang Seng Industry Classification System,https://www.hsi.com.hk/static/uploads/contents/en/news/indexChgNotice/20190328T000000.pdf,5e02cc9e92
11 Mar 2019,Constituent Changes in Hang Seng Family of Indexes,https://www.hsi.com.hk/static/uploads/contents/en/news/indexChgNotice/20190311T000000.pdf,e8d910eda7
07 Mar 2019,"Hang Seng Stock Connect China AH Smart Index, Hang Seng China Enterprises Smart Index and Hang Seng Stock Connect Sector Top Index Monthly Share Class Switches Result",https://www.hsi.com.hk/static/uploads/contents/en/news/indexChgNotice/20190307T161600.pdf,16cb2076a1
07 Mar 2019,Hang Seng CSI Shanghai-Hong Kong AH Smart Index Monthly Share Class Switches Result,https://www.hsi.com.hk/static/uploads/contents/en/news/indexChgNotice/20190307T161500.pdf,09f7857f28
01 Mar 2019,Renaming of Hang Seng Stock Connect Big Bay Area Composite Index and Hang Seng Stock Connect Hong Kong Big Bay Area Index,https://www.hsi.com.hk/static/uploads/contents/en/news/indexChgNotice/20190301T000000.pdf,b73e577d5e
22 Feb 2019,Index Review Results for Benchmark and Thematic Indexes,https://www.hsi.com.hk/static/uploads/contents/en/news/indexChgNotice/20190222T000100.xls,aa6549bc41
31 Jan 2019,"Hang Seng Stock Connect China AH Smart Index, Hang Seng China Enterprises Smart Index and Hang Seng Stock Connect Sector Top Index Monthly Share Class Switches Result",https://www.hsi.com.hk/static/uploads/contents/en/news/indexChgNotice/20190131T161600.pdf,e17bc1bd17
31 Jan 2019,Hang Seng CSI Shanghai-Hong Kong AH Smart Index Monthly Share Class Switches Result,https://www.hsi.com.hk/static/uploads/contents/en/news/indexChgNotice/20190131T161500.pdf,7ab4f21663
25 Jan 2019,Constituent Changes in Hang Seng Family of Indexes,https://www.hsi.com.hk/static/uploads/contents/en/news/indexChgNotice/20190125T163100.pdf,ca8aeb22c2
25 Jan 2019,Hang Seng CSI Shanghai-Hong Kong AH Smart Index Half-Yearly Index Review Results,https://www.hsi.com.hk/static/uploads/contents/en/news/indexChgNotice/20190125T163000.pdf,c5837c27a0
17 Jan 2019,Hang Seng Indexes Confirms Compliance with the IOSCO Principles for Financial Benchmarks,https://www.hsi.com.hk/static/uploads/contents/en/news/indexChgNotice/20190117T000000.pdf,301b61412f
04 Jan 2019,Hang Seng Indexes Announces Next Index Review Date,https://www.hsi.com.hk/static/uploads/contents/en/news/indexChgNotice/20190104T000000.pdf,e9143dd8c0
03 Jan 2019,"Hang Seng Stock Connect China AH Smart Index, Hang Seng China Enterprises Smart Index and Hang Seng Stock Connect Sector Top Index Monthly Share Class Switches Result",https://www.hsi.com.hk/static/uploads/contents/en/news/indexChgNotice/20190103T161600.pdf,33aea71983
03 Jan 2019,Hang Seng CSI Shanghai-Hong Kong AH Smart Index Monthly Share Class Switches Result,https://www.hsi.com.hk/static/uploads/contents/en/news/indexChgNotice/20190103T161500.pdf,8f75119386
02 Jan 2019,Constituent Changes in Hang Seng Family of Indexes,https://www.hsi.com.hk/static/uploads/contents/en/news/indexChgNotice/20190102T000000.pdf,5fa0698894
19 Dec 2018,Constituent Changes in Hang Seng Family of Indexes,https://www.hsi.com.hk/static/uploads/contents/en/news/indexChgNotice/20181219T000000.pdf,7332198c16
13 Dec 2018,Technical Notice —  Index Treatment For The Proposed Distribution In Specie By Tencent,https://www.hsi.com.hk/static/uploads/contents/en/news/indexChgNotice/20181213T000000.pdf,effa53979c
06 Dec 2018,Constituent Changes in Hang Seng Family of Indexes,https://www.hsi.com.hk/static/uploads/contents/en/news/indexChgNotice/20181206T161700.pdf,5f469d0da1
06 Dec 2018,"Hang Seng Stock Connect China AH Smart Index, Hang Seng China Enterprises Smart Index and Hang Seng Stock Connect Sector Top Index Monthly Share Class Switches Result",https://www.hsi.com.hk/static/uploads/contents/en/news/indexChgNotice/20181206T161600.pdf,77a3e2b55d
06 Dec 2018,Hang Seng CSI Shanghai-Hong Kong AH Smart Index Monthly Share Class Switches Result,https://www.hsi.com.hk/static/uploads/contents/en/news/indexChgNotice/20181206T161500.pdf,0d894df547
03 Dec 2018,Constituent Changes in Hang Seng Family of Indexes,https://www.hsi.com.hk/static/uploads/contents/en/news/indexChgNotice/20181203T000000.pdf,7842d5f12e
09 Nov 2018,Index Review Results for Thematic Indexes,https://www.hsi.com.hk/static/uploads/contents/en/news/indexChgNotice/20181109T000000.xls,39a737eef1
01 Nov 2018,"Hang Seng Stock Connect China AH Smart Index, Hang Seng China Enterprises Smart Index and Hang Seng Stock Connect Sector Top Index Monthly Share Class Switches Result",https://www.hsi.com.hk/static/uploads/contents/en/news/indexChgNotice/20181101T161600.pdf,dfb759c097
01 Nov 2018,Hang Seng CSI Shanghai-Hong Kong AH Smart Index Monthly Share Class Switches Result,https://www.hsi.com.hk/static/uploads/contents/en/news/indexChgNotice/20181101T161500.pdf,3eb4b2a318
11 Oct 2018,"Hang Seng Stock Connect China AH Smart Index, Hang Seng China Enterprises Smart Index and Hang Seng Stock Connect Sector Top Index Monthly Share Class Switches Result",https://www.hsi.com.hk/static/uploads/contents/en/news/indexChgNotice/20181011T161600.pdf,275c85b40a
11 Oct 2018,Hang Seng CSI Shanghai-Hong Kong AH Smart Index Monthly Share Class Switches Result,https://www.hsi.com.hk/static/uploads/contents/en/news/indexChgNotice/20181011T161500.pdf,f227035dcb
10 Oct 2018,Hang Seng Indexes Announces Next Index Review Date,https://www.hsi.com.hk/static/uploads/contents/en/news/indexChgNotice/20181010T000000.pdf,c71257498b
20 Sep 2018,Constituent Changes in Hang Seng Family of Indexes,https://www.hsi.com.hk/static/uploads/contents/en/news/indexChgNotice/20180920T000000.pdf,0d832d5e18
06 Sep 2018,"Hang Seng Stock Connect China AH Smart Index, Hang Seng China Enterprises Smart Index and Hang Seng Stock Connect Sector Top Index Monthly Share Class Switches Result",https://www.hsi.com.hk/static/uploads/contents/en/news/indexChgNotice/20180906T161600.pdf,bc00460165
06 Sep 2018,Hang Seng CSI Shanghai-Hong Kong AH Smart Index Monthly Share Class Switches Result,https://www.hsi.com.hk/static/uploads/contents/en/news/indexChgNotice/20180906T161500.pdf,5f13e8ccbc
13 Aug 2018,Increase Dissemination Frequency for Total Return Indexes,https://www.hsi.com.hk/static/uploads/contents/en/news/indexChgNotice/20180813T000000.pdf,dc4f9ab473
10 Aug 2018,Index Review Results for Benchmark and Thematic Indexes,https://www.hsi.com.hk/static/uploads/contents/en/news/indexChgNotice/20180810T000000.xls,7ef25ebdd5
02 Aug 2018,Hang Seng Stock Connect China AH Smart Index and Hang Seng China Enterprises Smart Index Monthly Share Class Switches Result,https://www.hsi.com.hk/static/uploads/contents/en/news/indexChgNotice/20180802T161600.pdf,3b0d78e259
02 Aug 2018,Hang Seng CSI Shanghai-Hong Kong AH Smart Index Monthly Share Class Switches Result,https://www.hsi.com.hk/static/uploads/contents/en/news/indexChgNotice/20180802T161500.pdf,7786924c71
27 Jul 2018,Hang Seng CSI Shanghai-Hong Kong AH Smart Index Half-Yearly Index Reviews Results,https://www.hsi.com.hk/static/uploads/contents/en/news/indexChgNotice/20180727T000000.pdf,4d9b5c7758
20 Jul 2018,Constituent Changes in Hang Seng Family of Indexes,https://www.hsi.com.hk/static/uploads/contents/en/news/indexChgNotice/20180720T000000.pdf,050f853b26
13 Jul 2018,Changes in Hang Seng iBond Index Series,https://www.hsi.com.hk/static/uploads/contents/en/news/indexChgNotice/20180713T000000.pdf,5b1b94afb8
10 Jul 2018,Hang Seng Indexes Announces Next Index Review Date,https://www.hsi.com.hk/static/uploads/contents/en/news/indexChgNotice/20180710T000000.pdf,24eb367e56
09 Jul 2018,Constituent Changes in Hang Seng Family of Indexes,https://www.hsi.com.hk/static/uploads/contents/en/news/indexChgNotice/20180709T161600.pdf,aace0d1885
05 Jul 2018,Hang Seng Stock Connect China AH Smart Index and Hang Seng China Enterprises Smart Index Monthly Share Class Switches Result,https://www.hsi.com.hk/static/uploads/contents/en/news/indexChgNotice/20180705T161600.pdf,0921dc065f
05 Jul 2018,Hang Seng CSI Shanghai-Hong Kong AH Smart Index Monthly Share Class Switches Result,https://www.hsi.com.hk/static/uploads/contents/en/news/indexChgNotice/20180705T161500.pdf,8eb9941b42
04 Jul 2018,Constituent Changes in Hang Seng Family of Indexes,https://www.hsi.com.hk/static/uploads/contents/en/news/indexChgNotice/20180704T161600.pdf,abfb32ce25
04 Jul 2018,Constituent Changes in Hang Seng Family of Indexes,https://www.hsi.com.hk/static/uploads/contents/en/news/indexChgNotice/20180704T161500.pdf,9b463d6aab
31 May 2018,Index Treatment For Conditional Spin-off By Country Garden,https://www.hsi.com.hk/static/uploads/contents/en/news/indexChgNotice/20180531T000300.pdf,0255f903ec
31 May 2018,Hang Seng Stock Connect China AH Smart Index and Hang Seng China Enterprises Smart Index Monthly Share Class Switches Result,https://www.hsi.com.hk/static/uploads/contents/en/news/indexChgNotice/20180531T000100.pdf,3a9f7b17bd
31 May 2018,Hang Seng CSI Shanghai-Hong Kong AH Smart Index Monthly Share Class Switches Result,https://www.hsi.com.hk/static/uploads/contents/en/news/indexChgNotice/20180531T000000.pdf,ae45a861bd
23 May 2018,Constituent Changes in Hang Seng Family of Indexes,https://www.hsi.com.hk/static/uploads/contents/en/news/indexChgNotice/20180523T000000.pdf,66c1dcec56
04 May 2018,Index Review Results for Thematic Indexes,https://www.hsi.com.hk/static/uploads/contents/en/news/indexChgNotice/20180504T000000.xlsx,9cfc4c8e7c
03 May 2018,Hang Seng Stock Connect China AH Smart Index and Hang Seng China Enterprises Smart Index Monthly Share Class Switches Result,https://www.hsi.com.hk/static/uploads/contents/en/news/indexChgNotice/20180503T000100.pdf,06811cd432
03 May 2018,Hang Seng CSI Shanghai-Hong Kong AH Smart Index Monthly Share Class Switches Result,https://www.hsi.com.hk/static/uploads/contents/en/news/indexChgNotice/20180503T000000.pdf,0d51e336a7
12 Apr 2018,Hang Seng Stock Connect China AH Smart Index and Hang Seng China Enterprises Smart Index Monthly Share Class Switches Result,https://www.hsi.com.hk/static/uploads/contents/en/news/indexChgNotice/20180412T000002.pdf,a7d1ed8e1e
12 Apr 2018,Hang Seng CSI Shanghai-Hong Kong AH Smart Index Monthly Share Class Switches Result,https://www.hsi.com.hk/static/uploads/contents/en/news/indexChgNotice/20180412T000001.pdf,f6f159ee38
06 Apr 2018,Hang Seng Indexes Announces Next Index Review Date,https://www.hsi.com.hk/static/uploads/contents/en/news/indexChgNotice/20180406T000000.pdf,40ca59328a
22 Mar 2018,EU Benchmarks Regulation,https://www.hsi.com.hk/static/uploads/contents/en/news/indexChgNotice/20180322T000000.pdf,ec3efebcc0
01 Mar 2018,Hang Seng Stock Connect China AH Smart Index and Hang Seng China Enterprises Smart Index Monthly Share Class Switches Result,https://www.hsi.com.hk/static/uploads/contents/en/news/indexChgNotice/20180301T000001.pdf,24e7254378
01 Mar 2018,Hang Seng CSI Shanghai-Hong Kong AH Smart Index Monthly Share Class Switches Result,https://www.hsi.com.hk/static/uploads/contents/en/news/indexChgNotice/20180301T000000.pdf,90d7f1a16d
23 Feb 2018,Constituent Changes in Hang Seng Family of Indexes,https://www.hsi.com.hk/static/uploads/contents/en/news/indexChgNotice/20180223T000001.pdf,f284cb1e3f
23 Feb 2018,Hang Seng Indexes Launches a Day-end Pure H-share Index,https://www.hsi.com.hk/static/uploads/contents/en/news/indexChgNotice/20180223T000000.pdf,d37c65e889
06 Feb 2018,Index Review Results for Benchmark and Thematic Indexes,https://www.hsi.com.hk/static/uploads/contents/en/news/indexChgNotice/20180206T000000.xls,4b308a45d4
01 Feb 2018,Hang Seng Stock Connect China AH Smart Index and Hang Seng China Enterprises Smart Index Monthly Share Class Switches Result,https://www.hsi.com.hk/static/uploads/contents/en/news/indexChgNotice/20180201T000001.pdf,70ea80766c
01 Feb 2018,Hang Seng CSI Shanghai-Hong Kong AH Smart Index Monthly Share Class Switches Result,https://www.hsi.com.hk/static/uploads/contents/en/news/indexChgNotice/20180201T000000.pdf,5e362f544c
30 Jan 2018,Constituent Changes in Hang Seng Family of Indexes,https://www.hsi.com.hk/static/uploads/contents/en/news/indexChgNotice/20180130T000000.pdf,f227c53461
26 Jan 2018,Hang Seng CSI Shanghai-Hong Kong AH Smart Index Half-Yearly Index Reviews Results,https://www.hsi.com.hk/static/uploads/contents/en/news/indexChgNotice/20180126T000000.pdf,53f5bcb542
23 Jan 2018,Constituent Changes in Hang Seng Family of Indexes,https://www.hsi.com.hk/static/uploads/contents/en/news/indexChgNotice/20180123T000000.pdf,41f106f805
05 Jan 2018,Hang Seng Indexes Announces Next Index Review Date,https://www.hsi.com.hk/static/uploads/contents/en/news/indexChgNotice/20180105T000000.pdf,eca9924632
04 Jan 2018,Hang Seng Stock Connect China AH Smart Index and Hang Seng China Enterprises Smart Index Monthly Share Class Switches Result,https://www.hsi.com.hk/static/uploads/contents/en/news/indexChgNotice/20180104T000001.pdf,5e13f00eb2
04 Jan 2018,Hang Seng CSI Shanghai-Hong Kong AH Smart Index Monthly Share Class Switches Result,https://www.hsi.com.hk/static/uploads/contents/en/news/indexChgNotice/20180104T000000.pdf,bd692626d3
03 Jan 2018,Constituent Changes in Hang Seng Family of Indexes,https://www.hsi.com.hk/static/uploads/contents/en/news/indexChgNotice/20180103T000000.pdf,95adb29a94
30 Nov 2017,Hang Seng Stock Connect China AH Smart Index and Hang Seng China Enterprises Smart Index Monthly Share Class Switches Result,https://www.hsi.com.hk/static/uploads/contents/en/news/indexChgNotice/20171130T000001.pdf,fe9c38c7ff
30 Nov 2017,Hang Seng CSI Shanghai-Hong Kong AH Smart Index Monthly Share Class Switches Result,https://www.hsi.com.hk/static/uploads/contents/en/news/indexChgNotice/20171130T000000.pdf,b73099eb93
27 Nov 2017,Constituent Changes in Hang Seng Family of Indexes,https://www.hsi.com.hk/static/uploads/contents/en/news/indexChgNotice/20171127T000000.pdf,e1761b6077
22 Nov 2017,Technical Notice – Options Selection Method and Formula Changes of the HSI Volatility Index,https://www.hsi.com.hk/static/uploads/contents/en/news/indexChgNotice/20171122T000000.pdf,0ec3bbb40d
10 Nov 2017,Index Review Results for Thematic Indexes,https://www.hsi.com.hk/static/uploads/contents/en/news/indexChgNotice/20171110T000000.xls,d925c9c04b
07 Nov 2017,Technical Notice – Index Treatment For Conditional Spin-off By Wharf Holdings,https://www.hsi.com.hk/static/uploads/contents/en/news/indexChgNotice/20171107T000000.pdf,0003866ce7
02 Nov 2017,Hang Seng Stock Connect China AH Smart Index and Hang Seng China Enterprises Smart Index Monthly Share Class Switches Result,https://www.hsi.com.hk/static/uploads/contents/en/news/indexChgNotice/20171102T000001.pdf,d764bfada5
02 Nov 2017,Hang Seng CSI Shanghai-Hong Kong AH Smart Index Monthly Share Class Switches Result,https://www.hsi.com.hk/static/uploads/contents/en/news/indexChgNotice/20171102T000000.pdf,1a67c02452
17 Oct 2017,Constituent Changes in Hang Seng Family of Indexes,https://www.hsi.com.hk/static/uploads/contents/en/news/indexChgNotice/20171017T000000.pdf,67046009f6
13 Oct 2017,Hang Seng Indexes Announces Next Index Review Date,https://www.hsi.com.hk/static/uploads/contents/en/news/indexChgNotice/20171013T000000.pdf,a4ff421f0f
12 Oct 2017,Hang Seng Stock Connect China AH Smart Index and Hang Seng China Enterprises Smart Index Monthly Share Class Switches Result,https://www.hsi.com.hk/static/uploads/contents/en/news/indexChgNotice/20171012T000002.pdf,b00cb18e62
12 Oct 2017,Hang Seng CSI Shanghai-Hong Kong AH Smart Index Monthly Share Class Switches Result,https://www.hsi.com.hk/static/uploads/contents/en/news/indexChgNotice/20171012T000001.pdf,80d26c9ae7
12 Oct 2017,Constituent Changes in Hang Seng Family of Indexes,https://www.hsi.com.hk/static/uploads/contents/en/news/indexChgNotice/20171012T000000.pdf,c84ff093f1
19 Sep 2017,Technical Notice —  Index Treatment For Conditional Further Distribution In Specie By Wharf Holdings,https://www.hsi.com.hk/static/uploads/contents/en/news/indexChgNotice/20170919T000000.pdf,035bc82df4
12 Sep 2017,Constituent Changes in Hang Seng Family of Indexes,https://www.hsi.com.hk/static/uploads/contents/en/news/indexChgNotice/20170912T000000.pdf,3817cb9736
31 Aug 2017,Hang Seng China AH Smart Index and Hang Seng China Enterprises Smart Index Monthly Share Class Switches Result,https://www.hsi.com.hk/static/uploads/contents/en/news/indexChgNotice/20170831T000001.pdf,209d037265
31 Aug 2017,Hang Seng CSI Shanghai-Hong Kong AH Smart Index Monthly Share Class Switches Result,https://www.hsi.com.hk/static/uploads/contents/en/news/indexChgNotice/20170831T000000.pdf,ffdd80f1ba
16 Aug 2017,Index Review Results for Benchmark and Thematic Indexes,https://www.hsi.com.hk/static/uploads/contents/en/news/indexChgNotice/20170816T000000.xls,96c1062fb8
15 Aug 2017,Technical Notice —  Index Treatment For Proposed Conditional Distribution In Specie By Wharf Holdings,https://www.hsi.com.hk/static/uploads/contents/en/news/indexChgNotice/20170815T000000.pdf,4c2e5ef4b5
03 Aug 2017,Hang Seng China AH Smart Index and Hang Seng China Enterprises Smart Index Monthly Share Class Switches Result,https://www.hsi.com.hk/static/uploads/contents/en/news/indexChgNotice/20170803T000001.pdf,264ebb848c
03 Aug 2017,Hang Seng CSI Shanghai-Hong Kong AH Smart Index Monthly Share Class Switches Result,https://www.hsi.com.hk/static/uploads/contents/en/news/indexChgNotice/20170803T000000.pdf,4d449ce0fe
28 Jul 2017,Hang Seng CSI Shanghai-Hong Kong AH Smart Index Half-Yearly Index Reviews Results,https://www.hsi.com.hk/static/uploads/contents/en/news/indexChgNotice/20170728T000000.pdf,44b069f391
26 Jul 2017,Technical Notice – Constituent Selection Method Update and Renaming of Hang Seng China AH Index Series,https://www.hsi.com.hk/static/uploads/contents/en/news/indexChgNotice/20170726T000000.pdf,d913b47073
11 Jul 2017,Changes in Hang Seng iBond Index Series,https://www.hsi.com.hk/static/uploads/contents/en/news/indexChgNotice/20170711T000000.pdf,784af07836
10 Jul 2017,Hang Seng Indexes Announces Next Index Review Date,https://www.hsi.com.hk/static/uploads/contents/en/news/indexChgNotice/20170710T000000.pdf,911a96873c
07 Jul 2017,Technical Notice – Changes to Hang Seng Industry Classification System,https://www.hsi.com.hk/static/uploads/contents/en/news/indexChgNotice/20170707T000001.pdf,2ef56977f9
07 Jul 2017,Constituent Changes in Hang Seng Family of Indexes,https://www.hsi.com.hk/static/uploads/contents/en/news/indexChgNotice/20170707T000000.pdf,a9c66b6561
06 Jul 2017,Hang Seng China AH Smart Index and Hang Seng China Enterprises Smart Index Monthly Share Class Switches Result,https://www.hsi.com.hk/static/uploads/contents/en/news/indexChgNotice/20170706T000001.pdf,231d2f14ae
06 Jul 2017,Hang Seng CSI Shanghai-Hong Kong AH Smart Index Monthly Share Class Switches Result,https://www.hsi.com.hk/static/uploads/contents/en/news/indexChgNotice/20170706T000000.pdf,c2df254039
03 Jul 2017,Constituent Changes in Hang Seng Family of Indexes,https://www.hsi.com.hk/static/uploads/contents/en/news/indexChgNotice/20170703T000000.pdf,0ff7d0e180
26 Jun 2017,Constituent Changes in Hang Seng Family of Indexes,https://www.hsi.com.hk/static/uploads/contents/en/news/indexChgNotice/20170626T000000.pdf,5487b404da
08 Jun 2017,Hang Seng China AH Smart Index and Hang Seng China Enterprises Smart Index Monthly Share Class Switches Result,https://www.hsi.com.hk/static/uploads/contents/en/news/indexChgNotice/20170608T000001.pdf,a691c42e82
08 Jun 2017,Hang Seng CSI Shanghai-Hong Kong AH Smart Index Monthly Share Class Switches Result,https://www.hsi.com.hk/static/uploads/contents/en/news/indexChgNotice/20170608T000000.pdf,7895d13a26
02 Jun 2017,Constituent Changes in Hang Seng Family of Indexes,https://www.hsi.com.hk/static/uploads/contents/en/news/indexChgNotice/20170602T000000.pdf,ae18a6f1e8
19 May 2017,Index Review Results for Thematic Indexes,https://www.hsi.com.hk/static/uploads/contents/en/news/indexChgNotice/20170519T000000.xls,eb2c2ef458
11 May 2017,Hang Seng China AH Smart Index and Hang Seng China Enterprises Smart Index Monthly Share Class Switches Result,https://www.hsi.com.hk/static/uploads/contents/en/news/indexChgNotice/20170511T000001.pdf,e2b8748a8e
11 May 2017,Hang Seng CSI Shanghai-Hong Kong AH Smart Index Monthly Share Class Switches Result,https://www.hsi.com.hk/static/uploads/contents/en/news/indexChgNotice/20170511T000000.pdf,52eaa8dc58
08 May 2017,Constituent Changes in Hang Seng Family of Indexes,https://www.hsi.com.hk/static/uploads/contents/en/news/indexChgNotice/20170508T000000.pdf,454de49ec2
02 May 2017,Constituent Changes in Hang Seng Family of Indexes,https://www.hsi.com.hk/static/uploads/contents/en/news/indexChgNotice/20170502T000000.pdf,cb5561d32d
21 Apr 2017,Hang Seng Indexes Announces Next Index Review Date,https://www.hsi.com.hk/static/uploads/contents/en/news/indexChgNotice/20170421T000000.pdf,4400f26123
13 Apr 2017,Technical Notice —  Index Treatment For Proposed Spin-Off By Bank Of Communications Co Ltd,https://www.hsi.com.hk/static/uploads/contents/en/news/indexChgNotice/20170413T000000.pdf,b087389cfb
06 Apr 2017,Hang Seng China AH Smart Index and Hang Seng China Enterprises Smart Index Monthly Share Class Switches Result,https://www.hsi.com.hk/static/uploads/contents/en/news/indexChgNotice/20170406T000001.pdf,130737961d
06 Apr 2017,Hang Seng CSI Shanghai-Hong Kong AH Smart Index Monthly Share Class Switches Result,https://www.hsi.com.hk/static/uploads/contents/en/news/indexChgNotice/20170406T000000.pdf,f0ab3f799e
20 Mar 2017,Technical Notice — Index Treatment for Proposed Special Cash Dividend by China Shenhua Energy Co Ltd,https://www.hsi.com.hk/static/uploads/contents/en/news/indexChgNotice/20170320T000000.pdf,6298552bd9
02 Mar 2017,Hang Seng China AH Smart Index and Hang Seng China Enterprises Smart Index Monthly Share Class Switches Result,https://www.hsi.com.hk/static/uploads/contents/en/news/indexChgNotice/20170302T000001.pdf,9ba02031c0
02 Mar 2017,Hang Seng CSI Shanghai-Hong Kong AH Smart Index Monthly Share Class Switches Result,https://www.hsi.com.hk/static/uploads/contents/en/news/indexChgNotice/20170302T000000.pdf,cab6ae0ed9
10 Feb 2017,Index Review Results for Benchmark and Thematic Indexes,https://www.hsi.com.hk/static/uploads/contents/en/news/indexChgNotice/20170210T000000.xls,8cddaab246
09 Feb 2017,Hang Seng China AH Smart Index and Hang Seng China Enterprises Smart Index Monthly Share Class Switches Result,https://www.hsi.com.hk/static/uploads/contents/en/news/indexChgNotice/20170209T000001.pdf,b9c95428c5
09 Feb 2017,Hang Seng CSI Shanghai-Hong Kong AH Smart Index Monthly Share Class Switches Result,https://www.hsi.com.hk/static/uploads/contents/en/news/indexChgNotice/20170209T000000.pdf,a49050bbbc
03 Feb 2017,Hang Seng CSI Shanghai-Hong Kong AH Smart Index Half-Yearly Index Review Results,https://www.hsi.com.hk/static/uploads/contents/en/news/indexChgNotice/20170203T000000.pdf,e0ba740f36
05 Jan 2017,Hang Seng China AH Smart Index and Hang Seng China Enterprises Smart Index Monthly Share Class Switches Result,https://www.hsi.com.hk/static/uploads/contents/en/news/indexChgNotice/20170105T000001.pdf,85848a9a99
05 Jan 2017,Hang Seng CSI Shanghai-Hong Kong AH Smart Index Monthly Share Class Switches Result,https://www.hsi.com.hk/static/uploads/contents/en/news/indexChgNotice/20170105T000000.pdf,8727f64c8d
29 Dec 2016,Technical Notice – Conditions for High Shareholding Concentration Companies to Regain Eligibility for Constituency in Hang Seng Family of Indexes,https://www.hsi.com.hk/static/uploads/contents/en/news/indexChgNotice/20161229T000000.pdf,0c720fa0f1
28 Dec 2016,Constituent Changes in Hang Seng Family of Indexes,https://www.hsi.com.hk/static/uploads/contents/en/news/indexChgNotice/20161228T000000.pdf,e7506398cb
01 Dec 2016,Hang Seng China AH Smart Index and Hang Seng China Enterprises Smart Index Monthly Share Class Switches Result,https://www.hsi.com.hk/static/uploads/contents/en/news/indexChgNotice/20161201T000001.pdf,9592653e48
01 Dec 2016,Hang Seng CSI Shanghai-Hong Kong AH Smart Index Monthly Share Class Switches Result,https://www.hsi.com.hk/static/uploads/contents/en/news/indexChgNotice/20161201T000000.pdf,42c907f9a3
30 Nov 2016,Constituent Changes in Hang Seng Family of Indexes,https://www.hsi.com.hk/static/uploads/contents/en/news/indexChgNotice/20161130T000000.pdf,44aea1f1aa
14 Nov 2016,Renaming of Hang Seng Mainland 25 and Hang Seng Mainland 100,https://www.hsi.com.hk/static/uploads/contents/en/news/indexChgNotice/20161114T000000.pdf,aa32cb1459
11 Nov 2016,Index Review Results for Thematic Indexes,https://www.hsi.com.hk/static/uploads/contents/en/news/indexChgNotice/20161111T000000.xls,1be13bab82
03 Nov 2016,Hang Seng China AH Smart Index and Hang Seng China Enterprises Smart Index Monthly Share Class Switches Result,https://www.hsi.com.hk/static/uploads/contents/en/news/indexChgNotice/20161103T000001.pdf,e8a32ebc50
03 Nov 2016,Hang Seng CSI Shanghai-Hong Kong AH Smart Index Monthly Share Class Switches Result,https://www.hsi.com.hk/static/uploads/contents/en/news/indexChgNotice/20161103T000000.pdf,911e9d771d
17 Oct 2016,Constituent Changes in Hang Seng Family of Indexes,https://www.hsi.com.hk/static/uploads/contents/en/news/indexChgNotice/20161017T000000.pdf,76d646bed6
13 Oct 2016,Hang Seng China AH Smart Index and Hang Seng China Enterprises Smart Index Monthly Share Class Switches Result,https://www.hsi.com.hk/static/uploads/contents/en/news/indexChgNotice/20161013T000001.pdf,6cf565bcef
13 Oct 2016,Hang Seng CSI Shanghai-Hong Kong AH Smart Index Monthly Share Class Switches Result,https://www.hsi.com.hk/static/uploads/contents/en/news/indexChgNotice/20161013T000000.pdf,1d9d30ac20
30 Sep 2016,Constituent Changes in Hang Seng Family of Indexes,https://www.hsi.com.hk/static/uploads/contents/en/news/indexChgNotice/20160930T000000.pdf,9046c29973
29 Sep 2016,Constituent Changes in Hang Seng Family of Indexes,https://www.hsi.com.hk/static/uploads/contents/en/news/indexChgNotice/20160929T000000.pdf,fcd59da59d
22 Sep 2016,Restatement of Hang Seng Markit iBoxx Offshore RMB Bond Index Family,https://www.hsi.com.hk/static/uploads/contents/en/news/indexChgNotice/20160922T000000.pdf,82d4bc699e
15 Sep 2016,Constituent Changes in Hang Seng Family of Indexes,https://www.hsi.com.hk/static/uploads/contents/en/news/indexChgNotice/20160915T000000.pdf,4be4392ce7
01 Sep 2016,Hang Seng China AH Smart Index and Hang Seng China Enterprises Smart Index Monthly Share Class Switches Result,https://www.hsi.com.hk/static/uploads/contents/en/news/indexChgNotice/20160901T000001.pdf,422fa75bde
01 Sep 2016,Hang Seng CSI Shanghai-Hong Kong AH Smart Index Monthly Share Class Switches Result,https://www.hsi.com.hk/static/uploads/contents/en/news/indexChgNotice/20160901T000000.pdf,a582b2dee9
29 Aug 2016,Constituent Changes in Hang Seng Family of Indexes,https://www.hsi.com.hk/static/uploads/contents/en/news/indexChgNotice/20160829T000000.pdf,4922201d5c
17 Aug 2016,Constituent Changes in Hang Seng Family of Indexes,https://www.hsi.com.hk/static/uploads/contents/en/news/indexChgNotice/20160817T000000.pdf,3457977416
12 Aug 2016,Index Review Results for Benchmark and Thematic Indexes,https://www.hsi.com.hk/static/uploads/contents/en/news/indexChgNotice/20160812T000000.xls,9bbea3bdf1
04 Aug 2016,Hang Seng China AH Smart Index and Hang Seng China Enterprises Smart Index Monthly Share Class Switches Result,https://www.hsi.com.hk/static/uploads/contents/en/news/indexChgNotice/20160804T000001.pdf,fcd57dcfe3
04 Aug 2016,Hang Seng CSI Shanghai-Hong Kong AH Smart Index Monthly Share Class Switches Result,https://www.hsi.com.hk/static/uploads/contents/en/news/indexChgNotice/20160804T000000.pdf,4085b82b9f
29 Jul 2016,Hang Seng CSI Shanghai-Hong Kong AH Smart Index Half-Yearly Index Reviews Results,https://www.hsi.com.hk/static/uploads/contents/en/news/indexChgNotice/20160729T000000.pdf,2d0d9c085f
28 Jul 2016,Technical Notice – Changes to Hang Seng Industry Classification System,https://www.hsi.com.hk/static/uploads/contents/en/news/indexChgNotice/20160728T000000.pdf,aa68bf4b30
07 Jul 2016,Hang Seng China AH Smart Index and Hang Seng China Enterprises Smart Index Monthly Share Class Switches Result,https://www.hsi.com.hk/static/uploads/contents/en/news/indexChgNotice/20160707T000002.pdf,46e4734990
07 Jul 2016,Hang Seng CSI Shanghai-Hong Kong AH Smart Index Monthly Share Class Switches Result,https://www.hsi.com.hk/static/uploads/contents/en/news/indexChgNotice/20160707T000001.pdf,d81f4e61c4
07 Jul 2016,Technical Notice – Changes in Index Dissemination Times,https://www.hsi.com.hk/static/uploads/contents/en/news/indexChgNotice/20160707T000000.pdf,cfa6964d16
30 Jun 2016,Constituent Changes in Hang Seng Family of Indexes,https://www.hsi.com.hk/static/uploads/contents/en/news/indexChgNotice/20160630T000000.pdf,8b9d16a26e
24 Jun 2016,Technical Notice – Index Treatment For Proposed Spin-off By Hengan International,https://www.hsi.com.hk/static/uploads/contents/en/news/indexChgNotice/20160624T000000.pdf,42fc8f927c
17 Jun 2016,Technical Notice – Exclusion of Companies with High Shareholding Concentration from the Hang Seng Family of Indexes,https://www.hsi.com.hk/static/uploads/contents/en/news/indexChgNotice/20160617T000000.pdf,2a732202c4
02 Jun 2016,Hang Seng China AH Smart Index and Hang Seng China Enterprises Smart Index Monthly Share Class Switches Result,https://www.hsi.com.hk/static/uploads/contents/en/news/indexChgNotice/20160602T000001.pdf,93e20ea13e
02 Jun 2016,Hang Seng CSI Shanghai-Hong Kong AH Smart Index Monthly Share Class Switches Result,https://www.hsi.com.hk/static/uploads/contents/en/news/indexChgNotice/20160602T000000.pdf,09425e247b
26 May 2016,Constituent Changes in Hang Seng Family of Indexes,https://www.hsi.com.hk/static/uploads/contents/en/news/indexChgNotice/20160526T000000.pdf,ade2cd351d
20 May 2016,Changes in Hang Seng iBond Index Series,https://www.hsi.com.hk/static/uploads/contents/en/news/indexChgNotice/20160520T000000.pdf,ca92e4c636
13 May 2016,Index Review Results for Thematic Indexes,https://www.hsi.com.hk/static/uploads/contents/en/news/indexChgNotice/20160513T000000.xls,7110b13290
05 May 2016,Hang Seng China AH Smart Index and Hang Seng China Enterprises Smart Index Monthly Share Class Switches Result,https://www.hsi.com.hk/static/uploads/contents/en/news/indexChgNotice/20160505T000001.pdf,eccbf8f90d
05 May 2016,Hang Seng CSI Shanghai-Hong Kong AH Smart Index Monthly Share Class Switches Result,https://www.hsi.com.hk/static/uploads/contents/en/news/indexChgNotice/20160505T000000.pdf,2e7b79983d
15 Apr 2016,Technical Notice – Removal of Suspended Constituents from The Hang Seng Family of Indexes,https://www.hsi.com.hk/static/uploads/contents/en/news/indexChgNotice/20160415T000000.pdf,3241da0af3
31 Mar 2016,Hang Seng China AH Smart Index and Hang Seng China Enterprises Smart Index Monthly Share Class Switches Result,https://www.hsi.com.hk/static/uploads/contents/en/news/indexChgNotice/20160331T000001.pdf,1837191719
31 Mar 2016,Hang Seng CSI Shanghai-Hong Kong AH Smart Index Monthly Share Class Switches Result,https://www.hsi.com.hk/static/uploads/contents/en/news/indexChgNotice/20160331T000000.pdf,7f9120b87f
10 Mar 2016,Hang Seng China AH Smart Index and Hang Seng China Enterprises Smart Index Monthly Share Class Switches Result,https://www.hsi.com.hk/static/uploads/contents/en/news/indexChgNotice/20160310T000001.pdf,38ab80c36e
10 Mar 2016,Hang Seng CSI Shanghai-Hong Kong AH Smart Index Monthly Share Class Switches Result,https://www.hsi.com.hk/static/uploads/contents/en/news/indexChgNotice/20160310T000000.pdf,1a8370a0e2
26 Feb 2016,Supplement to Index Review Results for Quarter Ended 31 December 2015,https://www.hsi.com.hk/static/uploads/contents/en/news/indexChgNotice/20160226T000000.pdf,46a1b8b052
25 Feb 2016,Index Review Results for Benchmark and Thematic Indexes,https://www.hsi.com.hk/static/uploads/contents/en/news/indexChgNotice/20160225T000000.xls,142fc76ba4
04 Feb 2016,Hang Seng China AH Smart Index and Hang Seng China Enterprises Smart Index Monthly Share Class Switches Result,https://www.hsi.com.hk/static/uploads/contents/en/news/indexChgNotice/20160204T000001.pdf,cbd2fbd0cc
04 Feb 2016,Hang Seng CSI Shanghai-Hong Kong AH Smart Index Monthly Share Class Switches Result,https://www.hsi.com.hk/static/uploads/contents/en/news/indexChgNotice/20160204T000000.pdf,2553e3f614
29 Jan 2016,Hang Seng CSI Shanghai-Hong Kong AH Smart Index Half-Yearly Index Review Results,https://www.hsi.com.hk/static/uploads/contents/en/news/indexChgNotice/20160129T000000.pdf,843893bfbd
07 Jan 2016,Hang Seng China AH Smart Index and Hang Seng China Enterprises Smart Index Monthly Share Class Switches Result,https://www.hsi.com.hk/static/uploads/contents/en/news/indexChgNotice/20160107T000001.pdf,4bfe3017e8
07 Jan 2016,Hang Seng CSI Shanghai-Hong Kong AH Smart Index Monthly Share Class Switches Result,https://www.hsi.com.hk/static/uploads/contents/en/news/indexChgNotice/20160107T000000.pdf,e74697dc97
21 Dec 2015,Constituent Changes in Hang Seng Family of Indexes,https://www.hsi.com.hk/static/uploads/contents/en/news/indexChgNotice/20151221T000000.pdf,21b2805063
03 Dec 2015,Hang Seng China AH Smart Index and Hang Seng China Enterprises Smart Index Monthly Share Class Switches Result,https://www.hsi.com.hk/static/uploads/contents/en/news/indexChgNotice/20151203T000001.pdf,8675624d0e
03 Dec 2015,Hang Seng CSI Shanghai-Hong Kong AH Smart Index Monthly Share Class Switches Result,https://www.hsi.com.hk/static/uploads/contents/en/news/indexChgNotice/20151203T000000.pdf,6688e47731
01 Dec 2015,Constituent Changes in Hang Seng Family of Indexes,https://www.hsi.com.hk/static/uploads/contents/en/news/indexChgNotice/20151201T000000.pdf,0ab7a685e3
13 Nov 2015,Index Review Results for Thematic Indexes,https://www.hsi.com.hk/static/uploads/contents/en/news/indexChgNotice/20151113T000000.xls,ce131d0c26
05 Nov 2015,Hang Seng China AH Smart Index and Hang Seng China Enterprises Smart Index Monthly Share Class Switches Result,https://www.hsi.com.hk/static/uploads/contents/en/news/indexChgNotice/20151105T000001.pdf,4c9412a0cb
05 Nov 2015,Hang Seng CSI Shanghai-Hong Kong AH Smart Index Monthly Share Class Switches Result,https://www.hsi.com.hk/static/uploads/contents/en/news/indexChgNotice/20151105T000000.pdf,a449bba115
23 Oct 2015,Constituent Changes in Hang Seng Family of Indexes,https://www.hsi.com.hk/static/uploads/contents/en/news/indexChgNotice/20151023T000000.pdf,ec48e691a9
15 Oct 2015,Hang Seng China AH Smart Index and Hang Seng China Enterprises Smart Index Monthly Share Class Switches Result,https://www.hsi.com.hk/static/uploads/contents/en/news/indexChgNotice/20151015T000001.pdf,8278e4aabc
15 Oct 2015,Hang Seng CSI Shanghai-Hong Kong AH Smart Index Monthly Share Class Switches Result,https://www.hsi.com.hk/static/uploads/contents/en/news/indexChgNotice/20151015T000000.pdf,b738a290ee
13 Oct 2015,Technical Notice —  Index Treatment for Proposed Spin-off by China Overseas Land & Investment,https://www.hsi.com.hk/static/uploads/contents/en/news/indexChgNotice/20151013T000000.pdf,6e702132a5
30 Sep 2015,Constituent Changes in Hang Seng Family of Indexes,https://www.hsi.com.hk/static/uploads/contents/en/news/indexChgNotice/20150930T000000.pdf,60bd65f9be
22 Sep 2015,Constituent Changes in Hang Seng Family of Indexes,https://www.hsi.com.hk/static/uploads/contents/en/news/indexChgNotice/20150922T000000.pdf,cc46a67807
10 Sep 2015,Hang Seng China AH Smart Index and Hang Seng China Enterprises Smart Index Monthly Share Class Switches Result,https://www.hsi.com.hk/static/uploads/contents/en/news/indexChgNotice/20150910T000001.pdf,6361eed3e2
10 Sep 2015,Hang Seng CSI Shanghai-Hong Kong AH Smart Index Monthly Share Class Switches Result,https://www.hsi.com.hk/static/uploads/contents/en/news/indexChgNotice/20150910T000000.pdf,b247cc8e27
14 Aug 2015,Index Review Results for Benchmark and Thematic Indexes,https://www.hsi.com.hk/static/uploads/contents/en/news/indexChgNotice/20150814T000000.xls,99dd1f1c67
06 Aug 2015,Hang Seng China AH Smart Index and Hang Seng China Enterprises Smart Index Monthly Share Class Switches Result,https://www.hsi.com.hk/static/uploads/contents/en/news/indexChgNotice/20150806T000001.pdf,f0bb236ccf
06 Aug 2015,Hang Seng CSI Shanghai-Hong Kong AH Smart Index Monthly Share Class Switches Result,https://www.hsi.com.hk/static/uploads/contents/en/news/indexChgNotice/20150806T000000.pdf,6c5c861e77
31 Jul 2015,Hang Seng CSI Shanghai-Hong Kong AH Smart Index Half-Yearly Index Review Results,https://www.hsi.com.hk/static/uploads/contents/en/news/indexChgNotice/20150731T000000.pdf,af39bd7742
27 Jul 2015,Change in Quarterly Index Rebalancing and AH Share Class Switches Schedule for September 2015,https://www.hsi.com.hk/static/uploads/contents/en/news/indexChgNotice/20150727T000000.pdf,76a417d54d
20 Jul 2015,Changes in Hang Seng iBond Index Series,https://www.hsi.com.hk/static/uploads/contents/en/news/indexChgNotice/20150720T000000.pdf,d077b1450e
16 Jul 2015,Constituent Changes in Hang Seng Family of Indexes,https://www.hsi.com.hk/static/uploads/contents/en/news/indexChgNotice/20150716T000000.pdf,4c94302b21
09 Jul 2015,Hang Seng China AH Smart Index and Hang Seng China Enterprises Smart Index Monthly Share Class Switches Result,https://www.hsi.com.hk/static/uploads/contents/en/news/indexChgNotice/20150709T000001.pdf,55a71cc965
09 Jul 2015,Hang Seng CSI Shanghai-Hong Kong AH Smart Index Monthly Share Class Switches Result,https://www.hsi.com.hk/static/uploads/contents/en/news/indexChgNotice/20150709T000000.pdf,508018d266
02 Jul 2015,Constituent Changes in Hang Seng Family of Indexes,https://www.hsi.com.hk/static/uploads/contents/en/news/indexChgNotice/20150702T000000.pdf,18fe937ada
04 Jun 2015,Hang Seng CSI Shanghai-Hong Kong AH Smart Index Monthly Share Class Switches Result,https://www.hsi.com.hk/static/uploads/contents/en/news/indexChgNotice/20150604T000001.pdf,b0f5fbcf45
04 Jun 2015,Hang Seng China AH Smart Index Monthly Share Class Switches Result,https://www.hsi.com.hk/static/uploads/contents/en/news/indexChgNotice/20150604T000000.pdf,0bc5d2651b
18 May 2015,Constituent Change in Hang Seng CSI Shanghai-Hong Kong AH Smart Index,https://www.hsi.com.hk/static/uploads/contents/en/news/indexChgNotice/20150518T000001.pdf,1da0177a81
18 May 2015,Constituent Changes in Hang Seng Family of Indexes,https://www.hsi.com.hk/static/uploads/contents/en/news/indexChgNotice/20150518T000000.pdf,891bb8a75f
15 May 2015,Index Review Results for Thematic Indexes,https://www.hsi.com.hk/static/uploads/contents/en/news/indexChgNotice/20150515T000000.xls,760a11689a
07 May 2015,Hang Seng CSI Shanghai-Hong Kong AH Smart Index Monthly Share Class Switches Result,https://www.hsi.com.hk/static/uploads/contents/en/news/indexChgNotice/20150507T000001.pdf,985610dea1
07 May 2015,Hang Seng China AH Smart Index Monthly Share Class Switches Result,https://www.hsi.com.hk/static/uploads/contents/en/news/indexChgNotice/20150507T000000.pdf,1da379c707
04 May 2015,Technical Notice — Index Treatment for (I) Merger Proposal of CK Hutchison Holdings and Hutchison Whampoa and (II) Spin-Off Proposal of Cheung Kong Property Holdings,https://www.hsi.com.hk/static/uploads/contents/en/news/indexChgNotice/20150504T000000.pdf,3d9704b10a
23 Apr 2015,Constituent Changes in Hang Seng Family of Indexes,https://www.hsi.com.hk/static/uploads/contents/en/news/indexChgNotice/20150423T000000.pdf,55f3265721
15 Apr 2015,Constituent Changes in Hang Seng Family of Indexes,https://www.hsi.com.hk/static/uploads/contents/en/news/indexChgNotice/20150415T000000.pdf,1f51dd0f77
09 Apr 2015,Hang Seng CSI Shanghai-Hong Kong AH Smart Index Monthly Share Class Switches Result,https://www.hsi.com.hk/static/uploads/contents/en/news/indexChgNotice/20150409T000001.pdf,37dd070c99
09 Apr 2015,Hang Seng China AH Smart Index Monthly Share Class Switches Result,https://www.hsi.com.hk/static/uploads/contents/en/news/indexChgNotice/20150409T000000.pdf,82a121753f
18 Mar 2015,Constituent Changes in Hang Seng Family of Indexes,https://www.hsi.com.hk/static/uploads/contents/en/news/indexChgNotice/20150318T000000.pdf,5f17881ec8
06 Mar 2015,Constituent Changes in Hang Seng Family of Indexes,https://www.hsi.com.hk/static/uploads/contents/en/news/indexChgNotice/20150306T000000.pdf,18a7169fe2
05 Mar 2015,Hang Seng CSI Shanghai-Hong Kong AH Smart Index Monthly Share Class Switches Result,https://www.hsi.com.hk/static/uploads/contents/en/news/indexChgNotice/20150305T000001.pdf,8986267925
05 Mar 2015,Hang Seng China AH Smart Index Monthly Share Class Switches Result,https://www.hsi.com.hk/static/uploads/contents/en/news/indexChgNotice/20150305T000000.pdf,91c167ccfa
13 Feb 2015,Index Review Results for Benchmark and Thematic Indexes,https://www.hsi.com.hk/static/uploads/contents/en/news/indexChgNotice/20150213T000001.xls,e6fd551289
13 Feb 2015,Technical Notice — Treatment of Non-Cash Distributions,https://www.hsi.com.hk/static/uploads/contents/en/news/indexChgNotice/20150213T000000.pdf,c511866363
05 Feb 2015,Hang Seng CSI Shanghai-Hong Kong AH Smart Index Monthly Share Class Switches Result,https://www.hsi.com.hk/static/uploads/contents/en/news/indexChgNotice/20150205T000001.pdf,d6a5435915
05 Feb 2015,Hang Seng China AH Smart Index Monthly Share Class Switches Result,https://www.hsi.com.hk/static/uploads/contents/en/news/indexChgNotice/20150205T000000.pdf,f726163adc
04 Feb 2015,Technical Notice — Update on the Number of Issued Shares of China Resources Land Limited,https://www.hsi.com.hk/static/uploads/contents/en/news/indexChgNotice/20150204T000000.pdf,3bf4f6fd0c
30 Jan 2015,Hang Seng CSI Shanghai-Hong Kong AH Smart Index Half-Yearly Index Review Results,https://www.hsi.com.hk/static/uploads/contents/en/news/indexChgNotice/20150130T000000.pdf,accfceb8c7
08 Jan 2015,Technical Notice — Index Treatment for Clawback Offer of China Resources Land Limited,https://www.hsi.com.hk/static/uploads/contents/en/news/indexChgNotice/20150108T000002.pdf,34165adef6
08 Jan 2015,Hang Seng CSI Shanghai-Hong Kong AH Smart Index Monthly Share Class Switches Result,https://www.hsi.com.hk/static/uploads/contents/en/news/indexChgNotice/20150108T000001.pdf,32cd76824e
08 Jan 2015,Hang Seng China AH Smart Index Monthly Share Class Switches Result,https://www.hsi.com.hk/static/uploads/contents/en/news/indexChgNotice/20150108T000000.pdf,d708025a12
23 Dec 2014,Technical Notice — Hang Seng Dividend Point Index Series — Methodology Enhancement,https://www.hsi.com.hk/static/uploads/contents/en/news/indexChgNotice/20141223T000000.pdf,c8d0f3fd22
04 Dec 2014,Hang Seng CSI Shanghai-Hong Kong AH Smart Index Monthly Share Class Switches Result,https://www.hsi.com.hk/static/uploads/contents/en/news/indexChgNotice/20141204T000001.pdf,b237ed9198
04 Dec 2014,Hang Seng China AH Smart Index Monthly Share Class Switches Result,https://www.hsi.com.hk/static/uploads/contents/en/news/indexChgNotice/20141204T000000.pdf,a27014e073
03 Dec 2014,Constituent Changes in Hang Seng Family of Indexes,https://www.hsi.com.hk/static/uploads/contents/en/news/indexChgNotice/20141203T000000.pdf,24663ad377
01 Dec 2014,Hang Seng Short / Leveraged Index Series — Methodology Enhancement and Review Results,https://www.hsi.com.hk/static/uploads/contents/en/news/indexChgNotice/20141201T000000.pdf,2fa62e25ba
11 Nov 2014,Constituent Changes in Hang Seng Family of Indexes,https://www.hsi.com.hk/static/uploads/contents/en/news/indexChgNotice/20141111T000000.pdf,ee6f8e4f8f
07 Nov 2014,Index Review Results for Thematic Indexes,https://www.hsi.com.hk/static/uploads/contents/en/news/indexChgNotice/20141107T000000.xls,1fcdb4cd2a
06 Nov 2014,Hang Seng China AH Smart Index Monthly Share Class Switches Result,https://www.hsi.com.hk/static/uploads/contents/en/news/indexChgNotice/20141106T000000.pdf,7b79f2f916
10 Oct 2014,Constituent Changes in Hang Seng Family of Indexes,https://www.hsi.com.hk/static/uploads/contents/en/news/indexChgNotice/20141010T000000.pdf,6c3f4e96d8
09 Oct 2014,Hang Seng China AH Smart Index Monthly Share Class Switches Result,https://www.hsi.com.hk/static/uploads/contents/en/news/indexChgNotice/20141009T000000.pdf,717d75ab34
08 Oct 2014,Constituent Changes in Hang Seng Family of Indexes,https://www.hsi.com.hk/static/uploads/contents/en/news/indexChgNotice/20141008T000000.pdf,2d18ec679a
17 Sep 2014,Constituent Changes in Hang Seng Family of Indexes,https://www.hsi.com.hk/static/uploads/contents/en/news/indexChgNotice/20140917T000000.pdf,9bc9665440
04 Sep 2014,Hang Seng China AH Smart Index Monthly Share Class Switches Result,https://www.hsi.com.hk/static/uploads/contents/en/news/indexChgNotice/20140904T000000.pdf,b3dbe52c29
15 Aug 2014,Index Review Results for Benchmark and Thematic Indexes,https://www.hsi.com.hk/static/uploads/contents/en/news/indexChgNotice/20140815T000000.xls,f407e547b2
12 Aug 2014,Hang Seng Indexes Launches New Sub-Index under Hang Seng iBond Composite Total Return Index,https://www.hsi.com.hk/static/uploads/contents/en/news/indexChgNotice/20140812T000000.pdf,2e136d94b2
31 Jul 2014,Hang Seng China AH Smart Index Monthly Share Class Switches Result,https://www.hsi.com.hk/static/uploads/contents/en/news/indexChgNotice/20140731T000000.pdf,2308b61eff
30 Jul 2014,Constituent Changes in Hang Seng Family of Indexes,https://www.hsi.com.hk/static/uploads/contents/en/news/indexChgNotice/20140730T000000.pdf,3259fc36c6
03 Jul 2014,Hang Seng China AH Smart Index Monthly Share Class Switches Result,https://www.hsi.com.hk/static/uploads/contents/en/news/indexChgNotice/20140703T000000.pdf,1f1cd0b6c0
24 Jun 2014,Constituent Changes in Hang Seng Family of Indexes,https://www.hsi.com.hk/static/uploads/contents/en/news/indexChgNotice/20140624T000000.pdf,7ac3b09dee
18 Jun 2014,Constituent Changes in Hang Seng Family of Indexes,https://www.hsi.com.hk/static/uploads/contents/en/news/indexChgNotice/20140618T000000.pdf,c58aa840fe
11 Jun 2014,Constituent Changes in Hang Seng Family of Indexes,https://www.hsi.com.hk/static/uploads/contents/en/news/indexChgNotice/20140611T000000.pdf,326ffe71ae
05 Jun 2014,Hang Seng China AH Smart Index Monthly Share Class Switches Result,https://www.hsi.com.hk/static/uploads/contents/en/news/indexChgNotice/20140605T000000.pdf,3d55f79fcd
16 May 2014,Index Review Results for Thematic Indexes,https://www.hsi.com.hk/static/uploads/contents/en/news/indexChgNotice/20140516T000000.xls,9077da98fc
08 May 2014,Hang Seng China AH Smart Index Monthly Share Class Switches Result,https://www.hsi.com.hk/static/uploads/contents/en/news/indexChgNotice/20140508T000000.pdf,975a23bc60
07 May 2014,Constituent Changes in Hang Seng Family of Indexes,https://www.hsi.com.hk/static/uploads/contents/en/news/indexChgNotice/20140507T000000.pdf,5d5176737a
03 Apr 2014,Hang Seng China AH Smart Index Monthly Share Class Switches Result,https://www.hsi.com.hk/static/uploads/contents/en/news/indexChgNotice/20140403T000000.pdf,f03b195f5d
02 Apr 2014,Constituent Changes in Hang Seng Family of Indexes,https://www.hsi.com.hk/static/uploads/contents/en/news/indexChgNotice/20140402T000000.pdf,49f0bdeaec
25 Mar 2014,Technical Notice — Index Treatment for Proposed Special Cash Dividend by Cheung Kong (Holdings) Ltd and Hutchison Whampoa Ltd,https://www.hsi.com.hk/static/uploads/contents/en/news/indexChgNotice/20140325T000001.pdf,908921228c
25 Mar 2014,Constituent Changes in Hang Seng Family of Indexes,https://www.hsi.com.hk/static/uploads/contents/en/news/indexChgNotice/20140325T000000.pdf,35893112ff
13 Mar 2014,Constituent Change in Hang Seng Family of Indexes,https://www.hsi.com.hk/static/uploads/contents/en/news/indexChgNotice/20140313T000000.pdf,db214e1c15
12 Mar 2014,Technical Notice — Index Adjustment for Proposed Bonus Warrants Issue by Sun Hung Kai Properties Ltd,https://www.hsi.com.hk/static/uploads/contents/en/news/indexChgNotice/20140312T000000.pdf,37ea1f9771
06 Mar 2014,Hang Seng China AH Smart Index Monthly Share Class Switches Result,https://www.hsi.com.hk/static/uploads/contents/en/news/indexChgNotice/20140306T000000.pdf,316e64c073
26 Feb 2014,Increase Dissemination Frequency for Hang Seng Family of Indexes,https://www.hsi.com.hk/static/uploads/contents/en/news/indexChgNotice/20140226T000000.pdf,33d9e6181c
13 Feb 2014,Share Class Switches in Hang Seng China AH Smart Index,https://www.hsi.com.hk/static/uploads/contents/en/news/indexChgNotice/20140213T000000.pdf,b68d1b2a71
12 Feb 2014,Index Review Results for Benchmark and Thematic Indexes,https://www.hsi.com.hk/static/uploads/contents/en/news/indexChgNotice/20140212T000000.xls,00fd11a370
02 Jan 2014,Share Class Switch in Hang Seng China AH Smart Index,https://www.hsi.com.hk/static/uploads/contents/en/news/indexChgNotice/20140102T000000.pdf,f80d0dfbd6
